Keyword Match,Semantic Match,Hybrid Recommendation
1.6871497791726142e-05,0.011341239575510068,0.013906118086500404
